item;type;poids_g;longueur_cm;largeur_cm;couleur;saveur
banane;fruit;134,45;16,86;4,57;jaune;sucré
banane;fruit;110,05;20,66;3,57;jaune;sucré
pomme;fruit;188,38;6,76;7,15;jaune;acide
pomme;fruit;177,04;6,5;6,89;vert;sucré
banane;fruit;147,0;19,98;4,29;;sucré
courgette;légume;422,9;22,97;5,88;vert;amer
kiwi;fruit;67,85;6,5;4,96;vert;acide
banane;fruit;126,12;20,26;4,06;jaune;sucré
tomate;légume;128,02;6,14;5,54;rouge;acide
banane;fruit;145,46;21,65;4,19;jaune;sucré
concombre;légume;370,44;20,42;5,17;vert;neutre
tomate;légume;103,87;5,98;5,89;rouge;acide
banane;fruit;132,08;20,41;3,49;jaune;sucré
orange;fruit;167,02;7,78;8,24;orange;sucré
carotte;légume;66,98;23,59;3,64;orange;neutre
kiwi;fruit;71,56;6,42;5,08;jaune;acide
kiwi;fruit;71,98;6,14;5,09;jaune;acide
tomate;légume;120,33;7,04;6,71;rouge;acide
tomate;légume;99,21;5,33;6,58;rouge;acide
concombre;légume;283,92;22,56;5,31;vert;neutre
tomate;légume;97,5;5,38;5,26;rouge;acide
courgette;légume;278,85;26,28;6,25;vert;amer
banane;fruit;129,51;;3,93;jaune;sucré
kiwi;fruit;79,68;6,92;5,43;jaune;acide
courgette;légume;483,9;24,13;5,63;vert;amer
courgette;légume;347,05;27,58;6,7;vert;amer
orange;fruit;165,81;7,86;8,17;orange;acide
tomate;légume;113,34;5,96;5,26;rouge;acide
concombre;légume;364,91;23,44;4,73;vert;neutre
carotte;légume;84,74;;3,71;orange;neutre
tomate;légume;126,77;6,03;;rouge;acide
courgette;légume;380,28;21,41;6,14;vert;amer
courgette;légume;336,42;24,15;5,04;vert;amer
courgette;légume;399,9;18,21;7,25;vert;amer
pomme;fruit;170,41;7,05;6,67;rouge;sucré
orange;fruit;168,41;9,69;7,94;orange;sucré
courgette;légume;308,17;27,17;6,63;vert;amer
pomme;fruit;164,84;6,96;7,57;vert;sucré
carotte;légume;114,32;16,76;3,37;orange;neutre
pomme;fruit;172,69;;6,86;jaune;sucré
pomme;fruit;169,09;7,78;5,92;rouge;sucré
pomme;fruit;;6,59;6,9;;sucré
carotte;légume;86,06;14,33;3,13;orange;neutre
orange;fruit;173,75;7,53;8,94;orange;acide
orange;fruit;162,26;7,92;7,57;orange;acide
pomme;fruit;174,84;6,66;6,4;rouge;acide
orange;fruit;;9,07;8,09;orange;acide
pomme;fruit;175,34;7,11;7,27;vert;acide
banane;fruit;;19,31;3,3;jaune;sucré
concombre;légume;336,38;21,25;5,38;vert;
carotte;légume;103,53;;3,1;orange;neutre
concombre;légume;;19,12;5,09;vert;
orange;fruit;167,38;8,02;7,72;orange;acide
orange;fruit;164,55;8,41;8,16;orange;acide
carotte;légume;76,31;18,82;3,14;orange;neutre
banane;fruit;142,86;20,23;4,21;jaune;sucré
kiwi;fruit;86,09;6,4;4,75;jaune;acide
tomate;légume;;6,1;6,71;rouge;acide
concombre;légume;333,09;22,76;4,78;vert;
courgette;légume;317,24;24,89;6,01;vert;amer
courgette;légume;279,54;23,18;6,29;vert;amer
pomme;fruit;160,36;6,34;7,38;rouge;sucré
carotte;légume;90,46;15,36;2,55;orange;neutre
tomate;légume;118,61;5,77;6,26;rouge;acide
concombre;légume;317,39;22,95;4,6;vert;neutre
courgette;légume;360,74;22,88;5,07;vert;amer
orange;fruit;155,07;7,92;7,45;orange;acide
concombre;légume;256,93;21,3;5,13;vert;neutre
courgette;légume;269,76;23,3;4,83;vert;amer
courgette;légume;202,98;25,31;6,12;vert;amer
courgette;légume;425,94;24,16;6,97;vert;amer
orange;fruit;163,57;8,34;8,09;orange;acide
concombre;légume;284,6;22,66;4,96;vert;
concombre;légume;274,59;19,62;4,69;vert;neutre
courgette;légume;366,39;23,82;6,59;vert;amer
concombre;légume;249,68;23,46;5,47;vert;neutre
carotte;légume;102,04;16,88;3,73;orange;neutre
orange;fruit;150,06;8,14;7,53;orange;acide
orange;fruit;164,53;;8,04;orange;acide
banane;fruit;116,5;20,61;4,18;jaune;sucré
pomme;fruit;175,39;6,4;6,87;jaune;sucré
orange;fruit;174,5;;7,34;orange;sucré
carotte;légume;77,75;18,74;2,84;orange;neutre
tomate;légume;95,06;5,64;5,7;rouge;acide
tomate;légume;116,12;5,92;6,4;;acide
banane;fruit;142,56;18,66;3,93;jaune;sucré
banane;fruit;146,25;19,92;4,49;jaune;sucré
kiwi;fruit;;5,3;4,65;vert;acide
kiwi;fruit;72,2;6,52;5,27;jaune;acide
banane;fruit;152,57;19,54;3,97;jaune;sucré
pomme;fruit;179,71;6,76;7,79;vert;acide
tomate;légume;113,63;5,17;5,38;rouge;acide
orange;fruit;153,74;8,56;7,45;orange;
courgette;légume;;22,77;5,82;vert;amer
orange;fruit;170,37;8,18;;orange;acide
kiwi;fruit;75,58;6,05;4,55;vert;acide
orange;fruit;;8,08;;orange;sucré
orange;fruit;165,1;8,2;;orange;sucré
tomate;légume;117,82;5,34;6,49;rouge;acide
courgette;légume;386,95;24,8;6,28;vert;amer
carotte;légume;108,93;17,49;3,16;orange;neutre
concombre;légume;279,8;16,89;5,07;vert;neutre
courgette;légume;402,73;24,4;5,11;vert;amer
orange;fruit;144,0;9,45;;orange;acide
orange;fruit;175,14;7,6;7,56;orange;sucré
pomme;fruit;178,79;6,8;6,77;vert;sucré
carotte;légume;83,37;17,96;2,92;orange;neutre
kiwi;fruit;74,92;6,7;4,87;jaune;acide
carotte;légume;109,76;18,8;3,87;orange;neutre
courgette;légume;371,48;26,73;6,52;vert;amer
pomme;fruit;164,43;7,31;6,34;rouge;acide
tomate;légume;112,33;5,58;5,81;rouge;acide
tomate;légume;133,9;6,18;6,38;rouge;
banane;fruit;129,84;21,37;3,71;jaune;sucré
pomme;fruit;180,22;6,97;6,67;jaune;acide
tomate;légume;118,06;6,11;5,62;rouge;acide
courgette;légume;421,03;24,14;5,14;vert;amer
pomme;fruit;157,04;7,64;7,52;vert;sucré
pomme;fruit;174,85;7,64;7,65;vert;acide
kiwi;fruit;89,97;5,78;4,88;vert;acide
pomme;fruit;191,08;6,88;8,03;rouge;sucré
kiwi;fruit;76,41;6,1;4,48;jaune;acide
kiwi;fruit;75,79;6,07;5,16;vert;acide
concombre;légume;311,38;25,19;5,0;vert;neutre
pomme;fruit;147,71;;5,98;rouge;sucré
banane;fruit;128,41;18,66;3,5;;sucré
pomme;fruit;175,45;6,96;7,79;rouge;sucré
kiwi;fruit;80,85;5,9;5,6;jaune;acide
kiwi;fruit;78,35;5,72;4,73;jaune;acide
banane;fruit;109,16;22,59;3,89;jaune;sucré
orange;fruit;161,74;7,63;8,19;orange;acide
carotte;légume;100,84;16,21;;orange;neutre
tomate;légume;103,27;5,5;5,15;rouge;acide
concombre;légume;286,78;21,5;4,4;vert;neutre
concombre;légume;260,54;23,7;;vert;neutre
tomate;légume;101,07;5,79;6,22;rouge;acide
orange;fruit;168,79;7,24;8,63;orange;sucré
pomme;fruit;157,9;6,33;7,85;rouge;acide
kiwi;fruit;81,45;6,52;;jaune;acide
concombre;légume;;;4,27;vert;neutre
carotte;légume;84,85;19,24;2,85;orange;neutre
kiwi;fruit;80,46;5,99;4,59;vert;acide
carotte;légume;100,54;20,07;3,33;orange;neutre
courgette;légume;291,07;23,81;6,14;vert;amer
courgette;légume;314,53;23,42;5,53;vert;amer
carotte;légume;110,58;14,39;3,55;orange;neutre
courgette;légume;359,23;23,51;6,07;vert;amer
kiwi;fruit;85,83;5,93;4,87;jaune;acide
banane;fruit;139,58;19,02;4,49;jaune;sucré
banane;fruit;130,63;21,97;3,76;jaune;sucré
tomate;légume;80,73;5,93;6,71;rouge;acide
concombre;légume;323,34;21,69;3,97;vert;neutre
kiwi;fruit;74,79;5,53;5,42;jaune;
banane;fruit;140,55;19,07;3,58;jaune;sucré
kiwi;fruit;75,64;6,16;4,98;jaune;acide
pomme;fruit;154,31;7,24;7,15;rouge;sucré
banane;fruit;;22,29;3,71;jaune;sucré
banane;fruit;120,84;21,57;4,3;jaune;sucré
kiwi;fruit;80,43;5,46;5,39;vert;acide
courgette;légume;304,98;25,18;5,51;vert;
pomme;fruit;186,08;6,56;7,17;jaune;acide
kiwi;fruit;78,35;5,72;4,73;jaune;acide
orange;fruit;153,5;7,96;8,65;orange;sucré
pomme;fruit;175,09;7,06;6,68;vert;acide
kiwi;fruit;87,69;6,23;5,12;jaune;acide
banane;fruit;129,84;21,37;3,71;jaune;sucré
banane;fruit;150,89;19,06;3,96;jaune;sucré
banane;fruit;127,82;;3,47;jaune;sucré
banane;fruit;110,64;22,46;3,6;jaune;sucré
concombre;légume;259,83;20,46;4,98;vert;neutre
carotte;légume;107,21;17,39;3,48;orange;neutre
tomate;légume;111,06;6,12;6,13;rouge;acide
courgette;légume;391,02;25,16;6,09;vert;amer
kiwi;fruit;70,84;5,45;5,28;vert;acide
kiwi;fruit;75,78;5,8;4,9;vert;acide
carotte;légume;;18,09;3,19;orange;neutre
carotte;légume;83,56;17,05;3,38;orange;neutre
concombre;légume;281,33;20,66;5,5;vert;neutre
concombre;légume;246,95;24,73;4,97;vert;neutre
kiwi;fruit;90,61;6,49;5,04;jaune;acide
orange;fruit;145,25;8,87;8,01;orange;sucré
tomate;légume;97,82;6,32;5,88;rouge;acide
courgette;légume;320,29;22,81;5,27;vert;amer
pomme;fruit;141,95;;6,86;rouge;
pomme;fruit;170,86;7,14;6,72;jaune;sucré
orange;fruit;170,36;8,35;7,72;orange;acide
kiwi;fruit;97,16;6,36;5,39;vert;acide
concombre;légume;332,32;20,77;5,36;vert;neutre
banane;fruit;120,78;18,49;4,08;jaune;sucré
carotte;légume;77,23;22,85;2,67;orange;neutre
courgette;légume;;24,4;5,5;vert;amer
carotte;légume;87,08;20,27;3,24;orange;neutre
kiwi;fruit;86,08;6,42;4,96;vert;acide
carotte;légume;101,39;;3,31;orange;neutre
orange;fruit;164,93;8,53;8,35;orange;sucré
orange;fruit;158,28;7,55;7,8;orange;sucré
banane;fruit;151,84;20,86;3,77;jaune;sucré
concombre;légume;253,2;18,4;;vert;neutre
courgette;légume;262,26;23,75;5,26;vert;amer
carotte;légume;85,1;21,2;3,32;orange;neutre
tomate;légume;122,0;7,22;5,15;rouge;acide
tomate;légume;129,17;5,97;5,67;rouge;acide
pomme;fruit;152,39;6,61;7,45;vert;sucré
courgette;légume;302,46;23,64;5,81;;amer
courgette;légume;434,82;24,42;5,94;vert;amer
courgette;légume;329,1;26,55;;vert;amer
carotte;légume;77,52;16,9;2,94;orange;neutre
courgette;légume;334,07;26,16;6,43;vert;amer
kiwi;fruit;66,99;6,04;5,16;jaune;acide
banane;fruit;130,46;17,96;4,3;jaune;sucré
banane;fruit;157,76;20,06;3,71;jaune;sucré
tomate;légume;99,71;;5,89;rouge;acide
kiwi;fruit;94,77;5,77;;vert;acide
banane;fruit;118,16;20,3;3,82;jaune;sucré
kiwi;fruit;85,09;5,93;5,66;jaune;acide
orange;fruit;;8,63;8,13;orange;acide
kiwi;fruit;79,59;5,42;4,66;vert;acide
kiwi;fruit;75,98;5,5;4,78;vert;acide
tomate;légume;113,0;6,4;5,8;rouge;acide
banane;fruit;122,36;18,4;3,43;jaune;sucré
tomate;légume;113,06;5,97;5,35;rouge;acide
carotte;légume;101,24;18,92;2,93;orange;neutre
kiwi;fruit;80,5;;4,81;vert;acide
kiwi;fruit;72,94;5,43;4,68;vert;acide
pomme;fruit;170,65;7,85;6,69;rouge;acide
banane;fruit;140,83;19,15;;jaune;sucré
pomme;fruit;169,78;6,83;7,25;rouge;acide
carotte;légume;90,32;17,41;3,05;orange;neutre
kiwi;fruit;68,89;6,25;5,33;jaune;acide
tomate;légume;;6,56;6,39;rouge;acide
pomme;fruit;182,12;6,26;;rouge;sucré
concombre;légume;272,86;21,92;5,62;vert;neutre
pomme;fruit;161,33;6,79;7,46;jaune;sucré
tomate;légume;114,41;6,46;;rouge;acide
pomme;fruit;172,75;6,5;6,98;jaune;sucré
carotte;légume;;21,03;3,16;orange;neutre
orange;fruit;169,63;8,15;7,63;orange;sucré
pomme;fruit;161,76;7,43;6,81;vert;acide
kiwi;fruit;73,37;6,37;5,03;vert;acide
courgette;légume;;22,99;5,64;vert;amer
pomme;fruit;154,55;6,63;7,61;rouge;sucré
carotte;légume;80,9;18,42;3,48;orange;neutre
pomme;fruit;142,78;7,97;7,37;jaune;acide
concombre;légume;;25,81;4,77;vert;neutre
banane;fruit;125,33;18,9;;jaune;sucré
concombre;légume;258,73;24,23;5,02;vert;neutre
tomate;légume;98,37;6,08;6,62;rouge;acide
concombre;légume;322,41;20,38;5,37;vert;neutre
kiwi;fruit;77,6;5,74;5,21;vert;acide
kiwi;fruit;77,58;6,42;5,6;jaune;acide
pomme;fruit;;7,34;6,93;jaune;sucré
kiwi;fruit;77,45;5,68;5,43;vert;acide
kiwi;fruit;78,88;6,44;4,58;jaune;acide
kiwi;fruit;78,7;5,77;5,0;vert;acide
banane;fruit;129,32;19,16;3,56;jaune;sucré
tomate;légume;123,01;6,11;5,98;rouge;acide
kiwi;fruit;90,07;6,03;6,0;jaune;acide
concombre;légume;311,35;20,02;;vert;neutre
courgette;légume;423,35;25,95;5,93;vert;amer
pomme;fruit;161,28;6,55;6,72;vert;sucré
carotte;légume;91,79;17,87;3,12;orange;neutre
pomme;fruit;189,29;7,4;7,47;vert;acide
tomate;légume;113,73;6,17;5,97;rouge;acide
concombre;légume;;20,21;4,34;vert;neutre
kiwi;fruit;77,09;6,02;4,98;vert;acide
tomate;légume;136,84;6,69;5,98;rouge;acide
pomme;fruit;183,71;6,53;7,71;jaune;acide
courgette;légume;338,27;18,63;6,16;vert;amer
tomate;légume;116,57;6,68;5,31;rouge;acide
courgette;légume;393,27;25,53;6,46;vert;amer
tomate;légume;92,52;7,75;5,27;rouge;acide
tomate;légume;120,04;5,85;6,04;rouge;
orange;fruit;181,93;8,51;7,5;orange;acide
courgette;légume;395,52;27,15;6,27;vert;amer
pomme;fruit;146,25;7,21;6,68;jaune;acide
concombre;légume;345,21;20,41;4,52;vert;neutre
pomme;fruit;162,28;7,4;7,21;vert;sucré
concombre;légume;373,2;;5,57;vert;neutre
carotte;légume;90,9;18,7;3,08;orange;neutre
pomme;fruit;171,9;6,63;7,51;vert;sucré
courgette;légume;318,69;23,15;6,3;vert;amer
tomate;légume;114,82;6,35;5,95;rouge;
pomme;fruit;187,84;7,59;7,28;rouge;acide
carotte;légume;67,69;16,88;2,37;orange;neutre
carotte;légume;116,57;;3,24;orange;neutre
carotte;légume;81,3;15,69;3,34;orange;neutre
carotte;légume;87,35;15,77;3,46;orange;neutre
concombre;légume;312,06;23,38;3,81;vert;neutre
kiwi;fruit;87,99;5,91;5,42;jaune;acide
banane;fruit;150,89;19,06;3,96;jaune;sucré
banane;fruit;134,08;19,53;3,99;jaune;
tomate;légume;112,46;6,1;;rouge;acide
carotte;légume;66,73;;3,48;orange;neutre
tomate;légume;116,76;6,08;;rouge;acide
pomme;fruit;150,07;6,33;7,36;vert;acide
tomate;légume;94,25;5,22;5,33;rouge;acide
courgette;légume;358,48;29,69;6,65;vert;amer
banane;fruit;133,69;20,91;4,32;jaune;sucré
banane;fruit;129,75;19,76;3,81;jaune;sucré
kiwi;fruit;80,07;5,83;4,82;vert;acide
orange;fruit;170,88;7,23;8,79;orange;sucré
tomate;légume;97,73;7,04;6,25;rouge;acide
pomme;fruit;175,3;6,87;7,69;jaune;acide
orange;fruit;183,18;7,94;8,43;orange;sucré
courgette;légume;327,18;26,41;6,21;vert;amer
orange;fruit;164,5;7,37;6,73;;sucré
orange;fruit;145,73;7,85;8,02;orange;acide
orange;fruit;175,39;8,07;8,19;orange;acide
tomate;légume;112,01;6,11;6,21;rouge;acide
concombre;légume;219,73;20,42;4,8;vert;neutre
concombre;légume;263,9;20,53;5,14;vert;neutre
pomme;fruit;171,06;6,55;7,29;rouge;acide
concombre;légume;332,39;21,84;5,04;vert;neutre
courgette;légume;256,24;24,23;5,9;vert;amer
carotte;légume;;15,25;2,78;orange;neutre
tomate;légume;;6,6;6,3;rouge;acide
banane;fruit;133,11;18,67;4,1;jaune;sucré
carotte;légume;98,6;19,46;2,57;orange;
tomate;légume;98,43;6,25;5,64;rouge;acide
banane;fruit;131,88;22,86;4,32;jaune;sucré
kiwi;fruit;52,89;6,02;5,21;jaune;acide
banane;fruit;109,56;18,19;3,63;jaune;sucré
banane;fruit;125,37;18,38;4,07;jaune;sucré
orange;fruit;158,61;8,68;7,58;orange;acide
concombre;légume;211,43;21,19;5,23;vert;
kiwi;fruit;;5,94;4,74;vert;acide
courgette;légume;387,67;22,86;;vert;amer
carotte;légume;70,19;22,47;2,93;orange;neutre
tomate;légume;98,86;6,41;6,69;rouge;acide
concombre;légume;292,89;23,3;5,49;vert;neutre
orange;fruit;157,61;6,98;8,2;orange;sucré
courgette;légume;393,71;24,75;6,66;vert;amer
kiwi;fruit;;6,27;4,59;vert;acide
orange;fruit;161,91;7,46;8,31;orange;acide
pomme;fruit;164,92;7,12;6,71;vert;sucré
pomme;fruit;169,84;6,32;7,48;rouge;acide
carotte;légume;103,73;16,9;2,95;orange;neutre
courgette;légume;424,63;23,46;5,99;vert;amer
concombre;légume;292,62;20,79;3,9;vert;neutre
kiwi;fruit;81,5;6,21;5,12;vert;acide
tomate;légume;119,74;5,43;6,41;rouge;acide
pomme;fruit;182,2;6,94;6,72;rouge;sucré
pomme;fruit;167,65;7,7;6,59;rouge;sucré
tomate;légume;118,81;5,68;6,04;;acide
banane;fruit;135,39;21,47;3,51;jaune;sucré
concombre;légume;307,94;21,98;4,74;vert;neutre
tomate;légume;116,26;6,13;6,0;rouge;acide
banane;fruit;133,83;17,81;3,72;jaune;sucré
orange;fruit;176,64;7,82;6,44;orange;sucré
tomate;légume;119,47;5,76;5,8;rouge;acide
carotte;légume;101,63;15,21;2,1;orange;neutre
tomate;légume;101,09;6,31;5,39;rouge;acide
banane;fruit;128,3;20,06;4,21;jaune;sucré
kiwi;fruit;87,32;6,43;4,91;jaune;acide
courgette;légume;385,07;21,75;6,92;vert;amer
kiwi;fruit;76,57;5,18;5,05;jaune;acide
pomme;fruit;162,32;6,61;7,09;jaune;sucré
banane;fruit;126,45;20,62;3,86;jaune;sucré
pomme;fruit;168,14;7,49;6,98;rouge;acide
kiwi;fruit;78,39;5,94;4,95;vert;acide
tomate;légume;89,1;5,81;5,18;rouge;acide
tomate;légume;136,62;5,22;5,89;rouge;acide
carotte;légume;59,65;20,22;3,32;orange;neutre
pomme;fruit;177,85;6,94;7,4;rouge;sucré
orange;fruit;149,28;;7,12;;acide
concombre;légume;317,2;23,69;5,07;vert;neutre
banane;fruit;;22,05;4,3;jaune;sucré
courgette;légume;331,24;23,36;6,77;vert;amer
tomate;légume;112,04;6,0;5,96;rouge;acide
tomate;légume;124,65;5,68;6,49;rouge;acide
concombre;légume;335,97;;5,11;vert;neutre
banane;fruit;121,61;18,76;4,08;jaune;sucré
carotte;légume;111,86;14,95;3,51;orange;neutre
banane;fruit;118,1;21,63;4,33;jaune;sucré
pomme;fruit;189,61;;6,81;vert;acide
kiwi;fruit;75,59;5,65;4,71;jaune;acide
kiwi;fruit;70,07;6,58;4,93;vert;acide
kiwi;fruit;75,01;5,35;5,17;vert;acide
carotte;légume;110,26;16,69;2,68;orange;neutre
concombre;légume;215,73;20,69;5,52;vert;
orange;fruit;189,59;7,36;;orange;sucré
tomate;légume;96,24;5,94;6,32;rouge;acide
courgette;légume;367,43;24,63;5,47;vert;amer
concombre;légume;298,17;20,47;6,01;vert;neutre
courgette;légume;389,5;23,22;5,12;vert;amer
banane;fruit;116,61;19,96;3,64;jaune;sucré
courgette;légume;353,47;22,56;6,11;vert;amer
kiwi;fruit;80,58;5,57;4,93;vert;
carotte;légume;91,1;17,72;2,41;orange;neutre
courgette;légume;392,61;19,36;5,86;;amer
concombre;légume;400,98;21,85;4,85;vert;neutre
orange;fruit;;7,83;7,44;orange;sucré
concombre;légume;248,03;20,22;5,69;vert;neutre
tomate;légume;120,13;6,2;6,23;rouge;acide
pomme;fruit;174,17;6,85;7,35;jaune;acide
pomme;fruit;169,73;6,85;6,64;jaune;sucré
concombre;légume;327,25;22,31;5,86;vert;neutre
concombre;légume;325,25;;;vert;neutre
pomme;fruit;172,39;7,29;;rouge;acide
orange;fruit;161,33;8,23;7,59;orange;sucré
tomate;légume;89,91;5,82;5,82;rouge;acide
banane;fruit;;17,47;3,28;jaune;sucré
pomme;fruit;173,03;6,88;6,96;vert;sucré
tomate;légume;88,54;6,47;6,55;rouge;acide
pomme;fruit;;7,53;6,77;rouge;sucré
carotte;légume;77,45;19,21;2,93;orange;neutre
concombre;légume;338,84;20,77;4,04;vert;neutre
banane;fruit;119,51;18,2;3,92;;
courgette;légume;448,67;24,13;5,0;vert;amer
tomate;légume;78,5;7,27;6,27;rouge;acide
orange;fruit;151,77;9,0;8,77;orange;sucré
tomate;légume;115,46;6,38;6,83;rouge;acide
carotte;légume;98,16;19,28;3,18;orange;neutre
courgette;légume;353,7;22,96;5,64;vert;amer
pomme;fruit;159,28;6,87;7,41;rouge;sucré
tomate;légume;90,44;6,28;7,0;rouge;acide
carotte;légume;83,54;18,83;2,76;orange;neutre
banane;fruit;116,95;22,11;3,36;jaune;sucré
kiwi;fruit;94,39;5,71;5,66;vert;acide
courgette;légume;322,55;20,21;6,0;vert;amer
orange;fruit;167,0;8,81;7,72;orange;acide
courgette;légume;342,75;23,81;5,85;vert;amer
pomme;fruit;151,31;6,76;7,46;vert;sucré
banane;fruit;124,34;19,29;4,29;jaune;
kiwi;fruit;85,67;6,01;4,94;jaune;acide
kiwi;fruit;88,85;6,07;5,17;vert;acide
orange;fruit;163,74;8,0;8,97;orange;acide
carotte;légume;96,46;18,55;2,99;orange;neutre
kiwi;fruit;86,85;6,23;4,67;vert;acide
banane;fruit;132,18;20,03;3,57;jaune;sucré
banane;fruit;;24,39;4,12;jaune;sucré
tomate;légume;122,32;6,55;5,72;rouge;acide
banane;fruit;124,2;17,59;4,31;jaune;sucré
pomme;fruit;175,66;6,99;7,56;jaune;sucré
tomate;légume;100,34;6,54;4,92;rouge;acide
carotte;légume;100,54;20,07;3,33;orange;neutre
orange;fruit;134,54;7,64;8,78;orange;sucré
pomme;fruit;165,86;6,59;7,11;jaune;acide
kiwi;fruit;85,22;6,05;4,5;vert;acide
carotte;légume;96,54;21,99;2,69;orange;neutre
concombre;légume;;17,79;;vert;neutre
tomate;légume;126,32;6,09;6,49;rouge;acide
kiwi;fruit;79,35;6,25;4,75;vert;acide
orange;fruit;166,03;6,5;7,42;orange;sucré
pomme;fruit;173,65;7,36;7,59;vert;acide
pomme;fruit;184,01;6,78;7,66;rouge;sucré
courgette;légume;357,66;25,98;6,32;vert;amer
tomate;légume;108,05;6,35;6,03;rouge;acide
tomate;légume;139,39;5,41;5,46;rouge;acide
pomme;fruit;144,73;5,97;7,77;vert;sucré
pomme;fruit;195,04;6,53;7,81;vert;acide
kiwi;fruit;69,49;6,34;4,78;vert;acide
courgette;légume;397,38;28,48;;vert;amer
banane;fruit;109,97;21,27;3,82;jaune;
concombre;légume;308,79;19,04;4,01;vert;neutre
courgette;légume;306,1;22,35;5,86;vert;amer
pomme;fruit;187,91;6,83;7,21;rouge;sucré
tomate;légume;100,32;5,15;;rouge;acide
courgette;légume;405,9;24,26;5,15;vert;amer
orange;fruit;178,74;7,64;6,74;orange;sucré
kiwi;fruit;72,11;;5,57;vert;acide
concombre;légume;260,97;24,11;4,53;vert;neutre
carotte;légume;91,05;17,89;2,81;orange;neutre
courgette;légume;347,73;22,4;4,54;vert;amer
banane;fruit;129,71;18,01;4,27;jaune;sucré
kiwi;fruit;85,89;5,89;5,03;vert;acide
tomate;légume;108,3;5,76;5,59;rouge;acide
tomate;légume;120,48;5,98;6,46;rouge;acide
concombre;légume;218,59;23,46;5,54;vert;neutre
tomate;légume;110,11;;5,86;rouge;acide
orange;fruit;149,52;7,34;8,53;orange;acide
concombre;légume;301,15;24,56;5,1;vert;neutre
kiwi;fruit;81,94;;5,21;jaune;acide
concombre;légume;311,85;22,75;5,68;vert;neutre
pomme;fruit;164,61;6,47;5,95;jaune;sucré
kiwi;fruit;86,88;5,15;4,55;jaune;acide
kiwi;fruit;77,98;;5,03;vert;acide
tomate;légume;112,28;;6,93;rouge;acide
orange;fruit;164,08;8,91;7,7;orange;sucré
carotte;légume;88,45;18,53;2,77;orange;neutre
pomme;fruit;183,52;7,53;7,02;vert;sucré
tomate;légume;112,33;6,65;5,74;rouge;acide
carotte;légume;97,7;21,73;2,83;orange;neutre
pomme;fruit;147,0;6,3;6,96;jaune;acide
pomme;fruit;178,84;7,17;6,15;rouge;acide
concombre;légume;307,94;21,98;4,74;vert;neutre
carotte;légume;88,99;15,73;2,64;orange;neutre
banane;fruit;131,63;;3,99;jaune;sucré
concombre;légume;269,27;20,05;5,23;vert;neutre
pomme;fruit;186,74;6,68;7,47;jaune;acide
kiwi;fruit;72,22;;5,18;jaune;acide
pomme;fruit;175,43;7,07;6,44;vert;acide
tomate;légume;126,93;5,8;5,82;rouge;acide
concombre;légume;312,01;22,56;5,37;vert;neutre
concombre;légume;286,45;21,66;5,36;vert;neutre
concombre;légume;305,21;20,56;;vert;neutre
courgette;légume;257,45;25,89;6,21;vert;amer
pomme;fruit;188,38;6,91;6,5;jaune;acide
concombre;légume;292,25;;;vert;neutre
orange;fruit;143,22;8,91;8,81;orange;acide
courgette;légume;269,37;23,71;6,12;vert;amer
orange;fruit;185,79;9,1;7,55;orange;sucré
carotte;légume;104,48;18,39;2,76;orange;neutre
carotte;légume;51,39;17,49;3,09;orange;neutre
carotte;légume;95,65;19,62;2,74;orange;neutre
courgette;légume;337,13;20,66;6,24;vert;amer
concombre;légume;302,85;16,9;5,22;vert;neutre
banane;fruit;126,78;23,15;3,9;jaune;sucré
tomate;légume;124,61;6,67;5,37;rouge;acide
tomate;légume;124,61;6,13;;rouge;acide
orange;fruit;158,01;7,74;8,94;orange;sucré
carotte;légume;102,43;21,12;3,81;orange;neutre
orange;fruit;165,11;8,25;6,93;orange;acide
carotte;légume;81,75;18,82;3,5;orange;neutre
tomate;légume;96,37;6,35;5,62;rouge;acide
orange;fruit;149,31;6,61;8,11;orange;acide
carotte;légume;91,14;17,64;2,51;orange;neutre
tomate;légume;124,36;6,04;;rouge;acide
orange;fruit;160,79;;8,23;orange;sucré
banane;fruit;113,89;20,31;3,94;jaune;sucré
carotte;légume;99,61;18,79;2,84;orange;neutre
kiwi;fruit;88,6;6,08;4,57;jaune;acide
banane;fruit;141,19;18,93;4,03;jaune;sucré
orange;fruit;163,45;7,97;7,75;orange;acide
orange;fruit;175,19;7,78;7,71;orange;sucré
carotte;légume;57,83;19,07;3,42;orange;neutre
courgette;légume;387,11;22,96;7,13;vert;amer
concombre;légume;325,77;22,15;4,49;vert;neutre
carotte;légume;91,45;17,71;2,87;orange;neutre
banane;fruit;136,45;20,46;;jaune;sucré
pomme;fruit;193,76;8,15;6,84;vert;sucré
carotte;légume;78,95;;3,05;orange;neutre
carotte;légume;118,25;22,76;3,06;orange;neutre
tomate;légume;105,67;6,83;6,03;rouge;acide
banane;fruit;134,13;;4,46;jaune;sucré
pomme;fruit;176,53;6,85;6,63;vert;acide
pomme;fruit;176,59;7,39;;jaune;acide
orange;fruit;140,71;7,46;7,98;orange;sucré
banane;fruit;123,62;19,29;3,81;jaune;sucré
orange;fruit;171,5;7,34;8,5;orange;acide
concombre;légume;320,15;17,69;5,35;vert;neutre
tomate;légume;116,78;6,36;6,43;rouge;acide
banane;fruit;125,56;20,49;3,67;jaune;sucré
courgette;légume;390,65;25,32;5,83;vert;amer
carotte;légume;86,06;14,33;3,13;orange;neutre
banane;fruit;124,66;19,02;4,35;jaune;sucré
tomate;légume;103,96;6,06;5,88;rouge;acide
tomate;légume;85,95;5,26;6,13;rouge;acide
pomme;fruit;165,45;6,98;6,41;vert;acide
orange;fruit;139,91;7,46;7,68;orange;acide
orange;fruit;143,4;7,68;7,84;orange;acide
courgette;légume;333,76;25,31;6,86;vert;amer
pomme;fruit;161,32;6,43;6,68;jaune;acide
banane;fruit;138,06;19,1;4,02;jaune;sucré
tomate;légume;107,12;7,28;5,68;rouge;acide
orange;fruit;147,59;;7,72;orange;acide
concombre;légume;400,46;18,32;4,98;vert;neutre
orange;fruit;147,88;7,36;8,35;orange;sucré
courgette;légume;339,05;26,39;5,67;vert;amer
banane;fruit;132,18;20,03;3,57;jaune;sucré
banane;fruit;121,22;21,17;3,77;jaune;sucré
kiwi;fruit;79,41;5,31;5,14;vert;acide
carotte;légume;108,8;18,78;3,62;orange;neutre
kiwi;fruit;62,03;5,65;4,93;vert;acide
concombre;légume;279,7;18,89;5,3;vert;neutre
courgette;légume;266,78;25,84;5,82;vert;amer
banane;fruit;134,45;16,86;4,57;jaune;sucré
carotte;légume;85,7;16,88;3,19;orange;neutre
kiwi;fruit;80,67;5,23;5,28;jaune;acide
courgette;légume;366,1;23,98;5,51;vert;amer
carotte;légume;84,05;17,66;2,31;orange;neutre
pomme;fruit;;6,83;6,85;jaune;sucré
orange;fruit;153,44;7,59;7,08;orange;sucré
kiwi;fruit;70,9;6,11;5,61;vert;acide
courgette;légume;321,74;23,18;5,6;vert;amer
orange;fruit;178,46;7,33;7,45;orange;sucré
kiwi;fruit;78,3;5,99;4,85;vert;acide
tomate;légume;93,23;6,6;6,09;rouge;acide
courgette;légume;332,95;23,51;;vert;
tomate;légume;103,61;5,7;5,96;rouge;acide
carotte;légume;81,85;16,48;;orange;neutre
orange;fruit;156,72;7,53;8,44;orange;sucré
kiwi;fruit;81,56;5,82;4,12;jaune;acide
orange;fruit;151,25;9,12;8,65;orange;acide
banane;fruit;132,35;18,01;3,74;jaune;sucré
orange;fruit;146,56;7,9;8,05;orange;sucré
banane;fruit;118,27;17,44;4,03;jaune;sucré
banane;fruit;123,02;21,14;4,01;jaune;sucré
banane;fruit;;21,29;4,33;jaune;sucré
courgette;légume;360,89;22,98;4,76;vert;amer
courgette;légume;429,13;24,76;7,1;vert;amer
concombre;légume;318,8;25,83;5,51;vert;neutre
orange;fruit;141,64;7,79;6,67;orange;sucré
pomme;fruit;167,34;;7,03;rouge;acide
orange;fruit;149,49;8,12;7,64;orange;acide
carotte;légume;73,33;19,6;2,84;orange;neutre
pomme;fruit;184,94;6,62;6,29;vert;sucré
pomme;fruit;149,21;7,25;7,74;vert;acide
tomate;légume;101,24;7,28;5,32;rouge;acide
banane;fruit;130,0;21,63;4,3;jaune;sucré
concombre;légume;262,67;23,51;4,44;vert;neutre
concombre;légume;373,7;17,33;5,67;vert;neutre
concombre;légume;339,2;22,71;4,82;vert;neutre
carotte;légume;104,29;21,66;3,21;orange;neutre
courgette;légume;304,93;25,21;5,51;vert;amer
courgette;légume;313,57;21,44;5,85;vert;amer
pomme;fruit;;6,75;7,11;jaune;sucré
concombre;légume;282,79;19,99;4,08;vert;neutre
carotte;légume;91,26;18,63;3,16;orange;neutre
banane;fruit;133,89;23,74;4,0;jaune;sucré
kiwi;fruit;90,66;5,26;5,05;vert;acide
tomate;légume;108,68;5,93;6,37;rouge;acide
tomate;légume;109,29;5,69;6,3;rouge;acide
courgette;légume;253,13;21,49;6,21;vert;amer
carotte;légume;96,25;21,85;2,58;orange;neutre
courgette;légume;424,26;23,52;4,6;vert;amer
banane;fruit;136,89;19,79;3,53;jaune;sucré
tomate;légume;;5,0;;;acide
kiwi;fruit;61,33;5,05;5,25;;acide
orange;fruit;155,31;7,86;9,58;orange;sucré
banane;fruit;135,07;17,83;4,57;jaune;sucré
courgette;légume;344,37;20,98;;vert;amer
orange;fruit;171,02;7,25;8,03;orange;acide
tomate;légume;111,54;5,81;5,58;rouge;acide
concombre;légume;315,51;23,32;4,55;vert;neutre
carotte;légume;91,45;16,99;3,14;orange;neutre
pomme;fruit;157,49;6,86;7,16;rouge;sucré
carotte;légume;107,25;18,81;2,65;orange;neutre
courgette;légume;302,63;26,57;;vert;amer
tomate;légume;91,56;5,4;6,03;rouge;acide
kiwi;fruit;91,56;5,98;5,18;jaune;acide
banane;fruit;118,1;21,63;4,33;jaune;sucré
orange;fruit;165,6;;9,06;orange;sucré
orange;fruit;156,71;8,13;7,88;orange;acide
kiwi;fruit;87,6;5,41;3,98;vert;acide
pomme;fruit;164,46;7,1;6,48;jaune;sucré
concombre;légume;378,91;22,83;5,52;vert;neutre
concombre;légume;352,59;21,99;5,09;vert;neutre
orange;fruit;140,42;6,94;7,61;orange;sucré
concombre;légume;296,64;20,1;5,3;vert;neutre
banane;fruit;;;3,6;jaune;sucré
pomme;fruit;156,02;6,39;7,42;;sucré
concombre;légume;240,15;20,16;5,66;vert;neutre
pomme;fruit;178,1;6,52;;jaune;sucré
kiwi;fruit;78,35;5,72;4,73;jaune;acide
orange;fruit;154,6;8,09;9,17;orange;acide
kiwi;fruit;73,05;6,0;5,05;jaune;acide
kiwi;fruit;78,44;6,12;4,0;vert;acide
orange;fruit;;8,75;8,25;orange;acide
pomme;fruit;141,6;7,11;7,0;vert;acide
tomate;légume;82,59;6,12;6,71;rouge;acide
carotte;légume;118,99;14,05;3,3;orange;neutre
pomme;fruit;166,08;6,0;6,94;vert;acide
orange;fruit;173,01;8,96;8,25;orange;acide
courgette;légume;365,4;23,22;6,16;vert;amer
kiwi;fruit;86,18;6,44;5,77;jaune;acide
kiwi;fruit;;6,14;5,23;vert;acide
carotte;légume;84,12;17,65;;orange;neutre
banane;fruit;126,38;19,39;4,59;jaune;sucré
orange;fruit;170,74;9,0;;orange;sucré
courgette;légume;305,63;25,54;6,21;vert;amer
pomme;fruit;;7,22;6,71;vert;acide
tomate;légume;113,86;5,67;6,5;rouge;acide
tomate;légume;111,76;6,07;6,09;;acide
courgette;légume;393,36;22,12;6,69;vert;amer
courgette;légume;339,05;26,39;5,67;vert;amer
pomme;fruit;167,39;6,65;7,13;rouge;acide
kiwi;fruit;71,35;6,42;4,98;jaune;acide
courgette;légume;334,13;26,66;6,46;vert;amer
banane;fruit;126,77;20,39;4,12;jaune;sucré
kiwi;fruit;98,21;5,35;5,04;jaune;acide
concombre;légume;;19,29;4,91;vert;neutre
orange;fruit;135,76;7,28;8,74;orange;sucré
concombre;légume;365,26;23,24;4,62;vert;neutre
courgette;légume;291,42;24,28;5,23;vert;amer
concombre;légume;346,16;22,82;4,91;vert;neutre
courgette;légume;353,71;26,2;6,02;vert;amer
orange;fruit;157,98;7,78;7,3;orange;sucré
tomate;légume;112,44;6,41;5,95;rouge;acide
courgette;légume;342,65;23,27;5,5;vert;amer
courgette;légume;317,93;24,91;5,89;;amer
banane;fruit;139,25;20,05;4,69;jaune;sucré
carotte;légume;65,09;21,64;3,48;orange;neutre
pomme;fruit;183,46;7,64;7,33;rouge;sucré
carotte;légume;85,2;21,29;3,14;orange;
pomme;fruit;157,39;6,08;6,79;;sucré
pomme;fruit;161,41;7,27;7,38;rouge;
courgette;légume;395,47;27,46;6,18;vert;amer
orange;fruit;168,11;8,25;8,1;orange;sucré
pomme;fruit;168,2;;7,04;rouge;acide
concombre;légume;343,86;;4,34;vert;neutre
carotte;légume;102,42;20,02;2,8;orange;neutre
carotte;légume;83,59;16,89;3,39;orange;neutre
concombre;légume;270,11;17,15;5,44;vert;neutre
carotte;légume;121,72;18,75;3,21;orange;neutre
carotte;légume;87,59;21,93;3,0;orange;neutre
courgette;légume;280,57;20,8;5,27;vert;
courgette;légume;373,46;22,76;6,26;vert;amer
carotte;légume;97,84;17,78;2,64;orange;neutre
pomme;fruit;163,25;7,63;6,73;rouge;sucré
banane;fruit;128,56;19,14;3,78;jaune;sucré
concombre;légume;316,81;20,91;5,47;vert;neutre
pomme;fruit;179,61;7,06;6,94;jaune;acide
carotte;légume;113,0;20,01;3,05;orange;
banane;fruit;122,07;21,59;4,66;jaune;sucré
carotte;légume;82,97;16,87;2,55;orange;neutre
tomate;légume;88,69;5,96;5,58;rouge;acide
tomate;légume;83,8;;6,19;rouge;acide
carotte;légume;108,56;17,09;2,98;orange;neutre
orange;fruit;166,03;7,79;7,7;orange;acide
concombre;légume;295,08;22,19;5,01;vert;neutre
tomate;légume;123,56;7,29;6,03;rouge;acide
carotte;légume;95,7;15,76;3,32;orange;neutre
pomme;fruit;167,99;6,5;6,35;jaune;acide
concombre;légume;283,27;19,42;5,05;vert;neutre
tomate;légume;115,89;5,7;5,88;rouge;acide
concombre;légume;218,81;23,53;5,63;vert;neutre
kiwi;fruit;101,06;6,2;5,07;vert;acide
pomme;fruit;190,1;6,37;7,01;vert;acide
concombre;légume;274,84;20,35;5,08;vert;neutre
courgette;légume;368,28;20,84;5,66;vert;amer
orange;fruit;170,21;8,14;7,41;orange;sucré
concombre;légume;;22,1;5,24;vert;neutre
pomme;fruit;185,48;6,26;7,13;vert;acide
kiwi;fruit;86,08;6,42;4,96;vert;acide
courgette;légume;338,76;;6,21;vert;amer
kiwi;fruit;88,83;5,47;;jaune;acide
banane;fruit;133,15;19,94;4,4;jaune;sucré
concombre;légume;161,14;22,82;4,34;vert;neutre
pomme;fruit;164,56;6,72;6,33;rouge;acide
carotte;légume;77,37;;2,46;orange;neutre
courgette;légume;332,56;24,53;5,91;vert;amer
carotte;légume;76,25;18,65;3,69;orange;neutre
pomme;fruit;182,31;6,14;6,66;vert;sucré
concombre;légume;222,53;20,79;5,16;vert;neutre
tomate;légume;87,97;6,28;5,54;rouge;acide
concombre;légume;288,61;17,15;4,98;vert;neutre
carotte;légume;92,65;19,22;;orange;neutre
courgette;légume;;23,15;;vert;amer
concombre;légume;317,53;21,45;4,99;vert;neutre
carotte;légume;109,51;20,36;3,19;orange;neutre
orange;fruit;152,48;9,09;8,42;orange;acide
courgette;légume;309,27;26,77;;vert;amer
banane;fruit;135,51;20,06;4,02;jaune;sucré
tomate;légume;122,14;6,67;5,63;rouge;acide
banane;fruit;125,11;;4,38;jaune;sucré
concombre;légume;259,93;22,14;6,27;vert;neutre
kiwi;fruit;88,8;;5,17;jaune;acide
kiwi;fruit;84,71;6,61;5,14;jaune;acide
orange;fruit;159,8;8,32;8,53;orange;sucré
banane;fruit;128,11;17,69;4,79;jaune;sucré
pomme;fruit;171,97;6,72;6,62;rouge;acide
concombre;légume;304,17;19,63;4,85;vert;neutre
tomate;légume;127,34;5,09;7,16;rouge;acide
tomate;légume;;5,67;6,21;rouge;acide
courgette;légume;264,95;23,19;5,26;vert;amer
concombre;légume;351,52;22,03;4,38;vert;neutre
banane;fruit;117,2;;3,17;jaune;sucré
orange;fruit;157,4;8,52;8,28;orange;acide
kiwi;fruit;89,76;6,32;5,34;vert;acide
kiwi;fruit;85,34;5,38;4,75;vert;acide
banane;fruit;140,28;19,02;3,91;jaune;sucré
orange;fruit;164,6;6,58;7,79;orange;sucré
courgette;légume;433,72;19,22;5,96;vert;amer
kiwi;fruit;90,78;6,52;5,36;vert;acide
carotte;légume;92,47;17,92;3,58;orange;neutre
banane;fruit;118,06;18,56;3,46;jaune;sucré
kiwi;fruit;71,95;5,86;4,99;jaune;acide
orange;fruit;;8,41;8,35;orange;sucré
pomme;fruit;162,06;6,99;8,07;vert;acide
pomme;fruit;;6,68;7,35;vert;acide
concombre;légume;322,52;18,93;5,42;vert;neutre
banane;fruit;123,45;20,63;3,55;jaune;sucré
banane;fruit;122,96;;4,2;jaune;sucré
banane;fruit;117,53;19,8;4,23;jaune;sucré
banane;fruit;139,6;18,19;3,93;jaune;sucré
tomate;légume;115,09;;4,89;rouge;acide
kiwi;fruit;78,1;6,08;5,39;jaune;acide
pomme;fruit;157,85;6,77;6,7;jaune;acide
pomme;fruit;143,86;7,0;6,81;vert;acide
banane;fruit;129,82;19,85;3,92;jaune;sucré
orange;fruit;169,95;7,88;7,84;orange;acide
tomate;légume;132,19;6,42;6,58;rouge;acide
tomate;légume;96,3;6,27;6,02;rouge;acide
kiwi;fruit;72,4;6,13;4,75;jaune;acide
courgette;légume;365,25;22,4;6,17;vert;amer
carotte;légume;76,92;16,1;3,7;orange;neutre
tomate;légume;105,69;7,25;6,39;rouge;acide
tomate;légume;117,46;5,72;5,93;rouge;acide
courgette;légume;;26,05;5,61;vert;amer
banane;fruit;136,45;23,24;3,88;jaune;sucré
kiwi;fruit;79,85;5,84;5,45;jaune;acide
carotte;légume;108,35;16,63;2,8;orange;neutre
pomme;fruit;;6,67;8,09;vert;
pomme;fruit;190,05;7,59;6,95;jaune;acide
courgette;légume;392,48;22,38;5,99;vert;amer
orange;fruit;172,4;7,88;7,78;orange;acide
orange;fruit;174,61;7,45;7,72;orange;sucré
concombre;légume;293,56;26,28;5,66;vert;neutre
orange;fruit;168,39;7,79;8,44;orange;acide
carotte;légume;66,96;20,18;2,71;orange;neutre
courgette;légume;338,52;22,36;;vert;amer
pomme;fruit;159,38;7,17;6,58;vert;sucré
kiwi;fruit;76,33;6,22;4,49;jaune;acide
tomate;légume;97,45;5,16;6,53;rouge;acide
courgette;légume;;23,03;5,8;vert;amer
carotte;légume;92,19;17,07;2,86;orange;neutre
kiwi;fruit;;7,11;5,04;jaune;acide
tomate;légume;140,77;5,79;5,76;rouge;acide
courgette;légume;283,07;25,73;4,79;vert;amer
tomate;légume;112,13;6,08;5,95;;acide
orange;fruit;166,65;8,27;8,72;orange;acide
courgette;légume;434,52;26,94;7,0;vert;amer
pomme;fruit;168,04;7,55;5,82;jaune;acide
banane;fruit;125,6;22,17;4,08;jaune;sucré
tomate;légume;116,54;7,01;6,2;rouge;acide
courgette;légume;289,17;22,21;6,13;vert;amer
banane;fruit;139,52;21,4;4,51;jaune;sucré
orange;fruit;164,44;7,93;9,06;orange;acide
orange;fruit;156,15;8,01;7,8;orange;sucré
concombre;légume;359,25;21,04;5,3;vert;neutre
orange;fruit;150,84;7,04;7,55;orange;sucré
carotte;légume;105,27;18,03;2,37;orange;neutre
orange;fruit;164,32;8,1;8,88;orange;sucré
carotte;légume;;20,07;2,43;orange;neutre
courgette;légume;371,78;25,24;5,65;vert;amer
tomate;légume;131,31;5,77;5,62;rouge;acide
orange;fruit;165,67;7,18;8,36;orange;sucré
kiwi;fruit;;5,26;4,88;jaune;acide
concombre;légume;322,22;20,75;4,75;vert;neutre
kiwi;fruit;91,46;5,42;4,66;vert;acide
carotte;légume;107,51;21,24;2,37;orange;neutre
courgette;légume;298,36;22,28;6,68;vert;amer
courgette;légume;344,0;25,48;6,02;vert;amer
kiwi;fruit;87,16;5,75;5,1;vert;acide
pomme;fruit;155,36;;6,6;rouge;acide
tomate;légume;111,8;5,02;5,95;rouge;acide
courgette;légume;404,23;24,98;6,73;vert;amer
carotte;légume;72,0;17,42;3,06;orange;neutre
courgette;légume;415,99;25,45;6,1;vert;amer
courgette;légume;320,74;21,52;6,18;vert;amer
pomme;fruit;154,43;7,48;7,17;vert;acide
pomme;fruit;168,81;6,76;8,15;vert;sucré
pomme;fruit;172,79;7,75;7,3;vert;acide
courgette;légume;232,52;24,67;6,26;vert;amer
orange;fruit;156,41;7,69;9,62;orange;sucré
kiwi;fruit;83,56;;4,52;jaune;acide
carotte;légume;76,72;18,32;3,28;orange;neutre
banane;fruit;126,49;21,66;4,22;jaune;sucré
courgette;légume;298,98;23,71;5,64;vert;amer
banane;fruit;116,03;20,51;4,48;jaune;sucré
concombre;légume;322,93;18,43;4,82;vert;neutre
courgette;légume;366,02;;4,24;vert;amer
orange;fruit;179,47;9,17;7,54;orange;sucré
courgette;légume;368,06;24,85;6,66;;amer
kiwi;fruit;73,66;6,32;5,37;vert;acide
carotte;légume;93,26;21,89;3,28;orange;neutre
kiwi;fruit;;6,48;4,76;jaune;acide
carotte;légume;119,56;17,96;2,66;orange;neutre
courgette;légume;357,66;25,98;6,32;vert;amer
orange;fruit;164,34;8,65;7,39;orange;sucré
orange;fruit;167,75;8,82;;orange;acide
kiwi;fruit;67,11;5,78;5,33;jaune;acide
concombre;légume;307,17;23,07;4,37;vert;neutre
orange;fruit;;7,45;7,41;orange;acide
courgette;légume;341,21;24,25;6,33;vert;amer
banane;fruit;121,98;22,22;3,89;jaune;sucré
courgette;légume;431,33;19,04;;vert;amer
tomate;légume;111,27;6,7;5,48;rouge;acide
tomate;légume;127,65;5,9;5,67;rouge;acide
concombre;légume;339,99;20,2;5,13;vert;neutre
kiwi;fruit;80,08;6,54;4,96;vert;acide
orange;fruit;165,24;7,86;7,76;;sucré
banane;fruit;124,87;20,26;4,33;jaune;sucré
tomate;légume;99,81;5,93;6,54;rouge;acide
banane;fruit;131,88;21,51;3,72;jaune;sucré
courgette;légume;376,0;22,04;5,59;vert;amer
orange;fruit;163,11;8,14;7,73;orange;acide
kiwi;fruit;78,77;6,6;5,03;jaune;acide
pomme;fruit;136,86;;6,51;rouge;sucré
carotte;légume;85,62;18,0;;orange;neutre
carotte;légume;82,5;;2,49;orange;neutre
tomate;légume;118,44;6,13;6,47;rouge;acide
tomate;légume;120,45;6,47;6,07;rouge;acide
tomate;légume;100,63;5,79;5,22;rouge;acide
banane;fruit;138,51;19,79;4,16;jaune;sucré
pomme;fruit;171,3;6,59;6,73;;sucré
orange;fruit;168,75;7,58;7,6;orange;sucré
courgette;légume;268,35;22,85;6,48;vert;amer
carotte;légume;98,97;16,48;3,12;orange;neutre
tomate;légume;103,03;5,87;5,92;rouge;acide
kiwi;fruit;71,15;5,67;4,76;jaune;acide
pomme;fruit;184,28;6,81;6,79;vert;sucré
concombre;légume;386,6;;5,11;vert;neutre
pomme;fruit;178,19;7,17;7,27;vert;sucré
banane;fruit;127,06;;4,2;jaune;sucré
orange;fruit;172,86;7,07;7,82;orange;acide
tomate;légume;117,44;4,21;6,57;rouge;acide
banane;fruit;129,25;;3,41;jaune;sucré
tomate;légume;125,05;5,9;5,49;rouge;acide
pomme;fruit;203,06;6,61;6,38;vert;acide
kiwi;fruit;87,59;5,9;5,02;vert;acide
carotte;légume;84,19;17,7;2,35;orange;neutre
concombre;légume;373,7;17,33;5,67;vert;neutre
carotte;légume;104,6;20,77;3,4;orange;neutre
kiwi;fruit;75,64;6,61;5,02;vert;acide
kiwi;fruit;76,12;6,49;5,67;vert;acide
orange;fruit;157,45;8,71;8,36;orange;acide
courgette;légume;321,04;22,1;5,82;vert;amer
kiwi;fruit;69,07;5,61;4,75;jaune;acide
orange;fruit;163,58;7,97;8,29;orange;sucré
courgette;légume;450,95;23,46;5,58;vert;
pomme;fruit;158,49;7,38;7,56;jaune;
orange;fruit;149,73;8,02;;orange;acide
orange;fruit;158,51;7,36;7,99;orange;sucré
courgette;légume;296,17;20,44;6,75;vert;amer
tomate;légume;110,0;6,58;5,43;rouge;acide
banane;fruit;130,04;22,43;3,51;jaune;sucré
banane;fruit;127,54;18,74;4,87;jaune;sucré
kiwi;fruit;69,01;6,21;5,75;jaune;acide
banane;fruit;138,23;20,34;4,01;jaune;sucré
kiwi;fruit;104,84;6,14;6,04;jaune;acide
concombre;légume;317,76;22,02;5,35;vert;neutre
pomme;fruit;;7,29;6,79;rouge;sucré
kiwi;fruit;73,6;6,14;5,38;vert;acide
pomme;fruit;164,88;6,72;6,44;jaune;sucré
pomme;fruit;150,07;6,33;7,36;vert;acide
pomme;fruit;157,7;6,99;6,18;vert;sucré
courgette;légume;392,89;22,54;5,39;vert;amer
concombre;légume;289,84;20,67;5,01;vert;neutre
carotte;légume;;17,42;3,11;orange;neutre
courgette;légume;291,34;23,79;5,83;vert;amer
pomme;fruit;167,38;6,62;7,27;vert;acide
carotte;légume;98,82;19,24;2,24;orange;neutre
concombre;légume;306,86;22,78;4,77;vert;neutre
carotte;légume;;16,94;2,22;orange;neutre
carotte;légume;84,18;17,4;2,53;orange;neutre
kiwi;fruit;81,87;6,62;4,6;;acide
pomme;fruit;169,62;7,59;7,27;jaune;acide
kiwi;fruit;84,44;6,97;4,92;vert;acide
concombre;légume;335,91;20,97;4,9;vert;neutre
concombre;légume;262,42;24,24;4,85;vert;neutre
tomate;légume;113,6;6,09;5,85;rouge;acide
courgette;légume;405,12;23,67;5,72;vert;amer
courgette;légume;325,18;23,89;5,86;vert;amer
tomate;légume;89,91;5,82;5,82;rouge;acide
carotte;légume;95,9;16,84;3,44;orange;neutre
banane;fruit;132,33;24,84;4,35;jaune;sucré
pomme;fruit;184,99;7,03;7,04;vert;sucré
kiwi;fruit;80,46;6,06;5,32;vert;acide
concombre;légume;349,15;23,38;5,55;vert;neutre
kiwi;fruit;84,37;6,0;4,83;jaune;acide
orange;fruit;164,17;8,7;8,16;orange;acide
orange;fruit;156,19;7,56;8,63;orange;sucré
banane;fruit;135,85;18,84;;jaune;sucré
concombre;légume;332,93;21,84;;vert;neutre
carotte;légume;81,58;21,72;3,39;orange;neutre
kiwi;fruit;79,82;5,35;5,06;jaune;acide
orange;fruit;145,82;8,5;7,28;orange;sucré
concombre;légume;240,86;24,29;5,17;vert;neutre
concombre;légume;278,35;24,13;5,58;vert;neutre
kiwi;fruit;72,52;6,43;4,79;vert;acide
kiwi;fruit;80,46;6,37;4,22;jaune;acide
concombre;légume;305,32;21,74;4,2;vert;
carotte;légume;94,02;14,54;2,99;orange;neutre
courgette;légume;299,89;24,6;5,62;vert;amer
tomate;légume;111,12;5,77;5,62;rouge;acide
pomme;fruit;172,18;7,12;7,12;jaune;sucré
concombre;légume;357,67;22,27;5,58;vert;neutre
carotte;légume;85,88;16,21;3,12;orange;neutre
kiwi;fruit;85,05;6,05;4,51;vert;acide
orange;fruit;190,06;8,48;8,59;orange;sucré
orange;fruit;156,86;7,7;8,18;orange;sucré
tomate;légume;112,63;6,64;6,21;rouge;acide
courgette;légume;373,46;22,76;6,26;vert;amer
pomme;fruit;173,46;6,64;7,34;rouge;sucré
pomme;fruit;184,3;5,9;;vert;acide
orange;fruit;170,45;7,42;8,98;orange;acide
kiwi;fruit;79,78;5,63;4,73;jaune;acide
courgette;légume;307,47;24,21;4,95;vert;amer
orange;fruit;152,46;7,82;;orange;acide
concombre;légume;299,2;;4,23;vert;neutre
orange;fruit;168,22;;7,63;orange;acide
tomate;légume;105,4;5,8;5,75;rouge;acide
concombre;légume;359,84;21,05;4,58;vert;neutre
orange;fruit;180,79;9,34;8,38;orange;acide
pomme;fruit;185,6;6,7;7,91;rouge;sucré
tomate;légume;85,86;6,11;5,76;rouge;acide
pomme;fruit;157,02;6,95;6,79;jaune;acide
carotte;légume;85,89;20,8;3,37;orange;neutre
pomme;fruit;148,84;6,41;6,74;rouge;sucré
carotte;légume;98,15;20,07;3,4;orange;neutre
orange;fruit;151,49;7,69;8,7;orange;sucré
courgette;légume;390,65;25,32;5,83;vert;amer
concombre;légume;281,19;18,75;5,1;vert;neutre
kiwi;fruit;92,27;5,92;4,51;jaune;acide
kiwi;fruit;83,62;6,15;4,75;;acide
orange;fruit;158,05;7,37;8,05;orange;acide
concombre;légume;342,0;20,27;5,21;vert;neutre
concombre;légume;324,8;19,82;4,92;vert;neutre
pomme;fruit;139,09;7,55;7,78;rouge;acide
kiwi;fruit;75,63;5,79;5,12;vert;acide
banane;fruit;144,4;18,96;4,18;jaune;sucré
banane;fruit;122,67;20,76;4,24;jaune;sucré
courgette;légume;348,36;22,91;5,57;vert;amer
courgette;légume;370,32;20,84;6,83;vert;amer
concombre;légume;321,13;21,08;5,58;vert;neutre
banane;fruit;;22,43;;jaune;sucré
carotte;légume;88,09;18,77;3,28;orange;neutre
concombre;légume;317,84;20,74;5,53;;neutre
banane;fruit;145,46;21,65;4,19;jaune;sucré
tomate;légume;111,69;6,25;6,5;rouge;acide
concombre;légume;307,86;;5,08;vert;neutre
concombre;légume;282,42;;4,67;vert;neutre
kiwi;fruit;73,72;6,48;4,51;jaune;acide
courgette;légume;273,69;24,07;6,13;vert;amer
kiwi;fruit;80,67;5,87;6,21;vert;acide
pomme;fruit;173,71;6,25;6,51;rouge;sucré
carotte;légume;86,33;16,0;2,46;orange;neutre
carotte;légume;98,37;15,78;3,1;orange;neutre
kiwi;fruit;79,13;5,56;5,3;vert;acide
banane;fruit;138,9;21,07;4,02;jaune;sucré
banane;fruit;132,54;19,75;3,67;jaune;sucré
orange;fruit;169,2;6,97;8,17;orange;sucré
courgette;légume;364,65;24,76;6,24;vert;amer
orange;fruit;146,69;6,95;7,08;orange;
kiwi;fruit;81,93;5,61;5,29;jaune;acide
pomme;fruit;;7,74;6,7;jaune;acide
pomme;fruit;162,05;7,51;7,27;jaune;sucré
carotte;légume;85,27;16,12;3,1;orange;neutre
courgette;légume;301,33;26,01;6,2;vert;amer
tomate;légume;114,41;5,74;5,93;rouge;acide
concombre;légume;278,13;21,46;5,84;vert;neutre
concombre;légume;204,94;21,32;4,9;vert;neutre
courgette;légume;418,95;23,47;6,28;vert;amer
courgette;légume;356,94;26,35;6,02;vert;amer
courgette;légume;334,84;23,93;6,34;vert;amer
courgette;légume;469,58;24,77;6,03;vert;amer
concombre;légume;265,87;22,17;5,59;vert;neutre
banane;fruit;125,32;18,27;3,56;jaune;sucré
kiwi;fruit;73,02;5,76;4,56;jaune;acide
carotte;légume;73,15;17,35;2,61;orange;neutre
orange;fruit;166,46;8,64;7,78;orange;sucré
banane;fruit;105,15;21,38;4,13;jaune;sucré
kiwi;fruit;78,71;5,72;4,6;vert;acide
kiwi;fruit;95,21;7,07;4,81;jaune;acide
orange;fruit;176,06;8,95;6,79;orange;acide
concombre;légume;298,78;21,8;4,47;vert;neutre
tomate;légume;93,75;5,44;6,33;rouge;acide
orange;fruit;149,0;8,29;7,71;orange;acide
banane;fruit;125,52;18,49;4,41;jaune;sucré
kiwi;fruit;87,75;5,96;5,31;jaune;acide
concombre;légume;277,5;23,97;4,7;vert;neutre
banane;fruit;129,26;19,89;4,79;jaune;sucré
banane;fruit;128,61;21,81;3,82;jaune;sucré
courgette;légume;367,74;28,03;6,58;vert;amer
pomme;fruit;178,95;7,38;6,82;;acide
kiwi;fruit;78,08;5,85;5,28;vert;acide
carotte;légume;106,78;19,1;3,28;orange;neutre
concombre;légume;;19,57;4,44;vert;neutre
banane;fruit;119,34;20,09;4,04;jaune;sucré
courgette;légume;383,98;24,3;5,83;vert;amer
carotte;légume;103,98;17,53;3,45;orange;neutre
orange;fruit;158,09;7,42;8,33;orange;acide
courgette;légume;279,65;21,78;5,98;vert;amer
tomate;légume;102,49;6,01;6,48;rouge;acide
carotte;légume;;19,26;2,68;orange;neutre
kiwi;fruit;82,69;6,78;4,99;jaune;acide
kiwi;fruit;85,67;6,01;4,94;jaune;acide
carotte;légume;79,22;19,49;2,92;orange;neutre
tomate;légume;112,87;6,45;5,23;rouge;acide
kiwi;fruit;84,08;6,5;4,83;vert;acide
pomme;fruit;155,06;7,33;7,43;jaune;acide
concombre;légume;250,91;25,32;5,45;vert;neutre
banane;fruit;137,46;20,26;4,5;jaune;sucré
courgette;légume;289,16;;5,64;vert;amer
orange;fruit;148,16;7,91;;orange;sucré
concombre;légume;283,31;21,41;;vert;neutre
orange;fruit;156,91;8,65;7,92;;acide
banane;fruit;112,38;20,82;4,43;jaune;sucré
concombre;légume;341,81;22,7;4,85;vert;neutre
courgette;légume;329,69;22,77;6,35;vert;amer
courgette;légume;334,37;25,72;6,33;;amer
banane;fruit;125,32;18,39;4,09;jaune;sucré
pomme;fruit;167,29;7,69;5,89;vert;sucré
concombre;légume;405,74;23,74;4,53;vert;neutre
courgette;légume;341,27;21,03;6,63;vert;amer
banane;fruit;136,34;20,71;4,09;jaune;sucré
carotte;légume;112,47;17,74;2,89;orange;neutre
banane;fruit;133,5;18,49;3,96;jaune;sucré
tomate;légume;108,11;5,68;6,83;rouge;acide
kiwi;fruit;89,84;6,04;5,56;jaune;acide
banane;fruit;133,01;20,28;5,08;jaune;sucré
banane;fruit;152,78;20,99;3,49;jaune;sucré
kiwi;fruit;76,39;5,51;5,25;vert;acide
kiwi;fruit;75,48;5,8;5,33;vert;acide
orange;fruit;174,4;7,35;8,48;orange;sucré
tomate;légume;;5,62;4,86;rouge;acide
courgette;légume;397,84;28,04;4,9;vert;amer
orange;fruit;180,87;7,19;7,79;orange;sucré
orange;fruit;142,35;8,04;8,57;orange;acide
orange;fruit;151,93;8,47;7,14;orange;acide
tomate;légume;119,61;5,45;6,57;rouge;acide
kiwi;fruit;93,88;5,66;4,78;vert;acide
concombre;légume;318,85;21,86;;vert;neutre
banane;fruit;124,86;21,15;3,5;jaune;sucré
banane;fruit;138,45;19,99;4,47;jaune;sucré
concombre;légume;338,32;23,56;4,85;vert;neutre
banane;fruit;122,82;21,36;3,73;jaune;sucré
banane;fruit;126,21;18,29;3,47;jaune;sucré
tomate;légume;87,93;5,95;6,06;rouge;acide
orange;fruit;;8,85;7,95;orange;acide
tomate;légume;127,9;5,9;5,92;rouge;acide
kiwi;fruit;73,91;5,68;;vert;acide
carotte;légume;99,14;16,17;2,89;orange;neutre
carotte;légume;114,44;14,54;3,75;orange;neutre
courgette;légume;356,83;26,46;5,99;;amer
carotte;légume;67,26;18,14;3,09;orange;neutre
carotte;légume;98,82;19,24;2,24;orange;neutre
tomate;légume;122,37;6,08;6,43;rouge;acide
kiwi;fruit;78,38;5,79;5,41;vert;acide
carotte;légume;112,13;16,42;3,27;orange;neutre
courgette;légume;417,44;27,0;5,86;vert;amer
concombre;légume;252,63;;5,85;vert;neutre
kiwi;fruit;85,59;6,21;5,47;jaune;acide
pomme;fruit;165,17;;7,0;rouge;sucré
orange;fruit;144,6;7,84;8,74;orange;sucré
orange;fruit;164,73;;9,0;orange;acide
concombre;légume;308,04;21,15;5,37;vert;neutre
pomme;fruit;154,56;6,85;7,39;jaune;sucré
concombre;légume;295,75;22,17;4,74;vert;neutre
tomate;légume;76,16;6,29;6,98;rouge;acide
courgette;légume;358,53;24,47;5,87;vert;amer
kiwi;fruit;73,27;5,84;5,11;vert;acide
kiwi;fruit;85,09;5,93;5,66;jaune;acide
tomate;légume;102,63;5,74;6,11;rouge;acide
tomate;légume;;6,67;;rouge;acide
tomate;légume;113,76;5,91;5,92;rouge;acide
concombre;légume;275,7;23,52;4,72;vert;neutre
pomme;fruit;211,25;7,67;6,44;rouge;sucré
tomate;légume;125,64;6,53;6,1;rouge;acide
kiwi;fruit;83,9;6,08;5,07;vert;acide
tomate;légume;105,69;5,96;5,91;rouge;acide
pomme;fruit;176,04;7,34;6,42;jaune;acide
concombre;légume;305,81;23,23;5,11;;neutre
carotte;légume;95,9;;2,87;orange;neutre
carotte;légume;66,92;19,01;2,91;orange;neutre
carotte;légume;86,15;21,28;3,6;orange;neutre
concombre;légume;258,73;24,23;5,02;vert;neutre
banane;fruit;126,23;21,67;3,56;jaune;sucré
banane;fruit;;20,23;3,95;jaune;sucré
concombre;légume;325,68;19,76;4,95;vert;neutre
concombre;légume;;21,67;4,33;vert;neutre
carotte;légume;72,6;17,41;3,44;orange;neutre
pomme;fruit;166,59;6,59;6,64;rouge;acide
tomate;légume;124,34;6,24;5,97;rouge;acide
carotte;légume;64,76;15,95;2,89;orange;neutre
courgette;légume;457,76;25,34;;vert;amer
courgette;légume;265,77;24,38;5,98;vert;amer
kiwi;fruit;77,5;5,58;4,58;jaune;acide
banane;fruit;134,36;;4,27;jaune;sucré
kiwi;fruit;91,44;6,08;5,65;vert;acide
pomme;fruit;176,53;6,85;6,63;vert;acide
orange;fruit;179,71;7,98;8,05;orange;acide
pomme;fruit;161,69;6,66;6,59;jaune;acide
concombre;légume;267,12;19,56;;vert;neutre
pomme;fruit;170,58;7,73;7,9;jaune;acide
concombre;légume;;21,64;4,54;vert;neutre
kiwi;fruit;74,63;6,28;5,48;jaune;acide
courgette;légume;309,15;23,64;6,05;vert;amer
pomme;fruit;189,71;6,78;6,69;jaune;acide
pomme;fruit;127,41;6,6;7,48;rouge;acide
carotte;légume;61,43;18,05;2,88;orange;neutre
kiwi;fruit;80,17;;5,82;vert;acide
banane;fruit;139,09;22,14;4,04;jaune;sucré
tomate;légume;109,86;5,77;5,81;rouge;acide
concombre;légume;320,64;24,32;4,81;vert;neutre
courgette;légume;331,47;19,53;6,14;vert;amer
orange;fruit;155,43;8,33;7,55;orange;sucré
concombre;légume;305,68;21,0;5,31;vert;neutre
concombre;légume;364,82;25,14;4,5;vert;neutre
pomme;fruit;183,48;6,32;7,1;rouge;acide
orange;fruit;168,91;;;orange;acide
kiwi;fruit;78,29;6,27;5,78;vert;acide
concombre;légume;339,85;19,7;5,2;vert;neutre
carotte;légume;104,06;16,82;2,81;orange;
carotte;légume;;21,2;2,7;;neutre
concombre;légume;369,83;24,8;4,81;vert;neutre
carotte;légume;94,13;19,49;3,24;orange;neutre
pomme;fruit;176,97;6,54;5,92;jaune;sucré
banane;fruit;117,31;20,09;3,47;jaune;sucré
courgette;légume;283,11;25,1;;vert;amer
orange;fruit;167,54;8,76;7,51;orange;acide
pomme;fruit;154,78;6,62;6,81;rouge;acide
carotte;légume;97,34;15,56;3,29;orange;neutre
tomate;légume;117,45;6,52;5,3;rouge;acide
banane;fruit;;20,56;4,12;jaune;sucré
concombre;légume;252,06;;5,11;vert;neutre
courgette;légume;371,2;23,05;5,99;;amer
carotte;légume;82,03;14,86;3,14;orange;neutre
concombre;légume;228,02;22,27;4,13;vert;neutre
pomme;fruit;188,0;6,77;6,79;rouge;sucré
concombre;légume;217,4;22,06;3,96;vert;neutre
carotte;légume;59,65;20,22;3,32;orange;neutre
tomate;légume;119,11;5,71;4,7;rouge;acide
banane;fruit;129,81;20,02;;jaune;sucré
banane;fruit;117,07;20,86;4,18;jaune;sucré
carotte;légume;66,09;15,48;2,75;orange;neutre
carotte;légume;98,82;18,23;2,7;orange;neutre
pomme;fruit;180,01;7,23;7,11;jaune;sucré
orange;fruit;147,05;8,5;8,14;orange;sucré
banane;fruit;130,58;21,27;3,1;jaune;sucré
tomate;légume;103,04;5,77;6,09;;acide
concombre;légume;353,62;19,4;5,41;vert;neutre
pomme;fruit;179,15;5,96;7,34;vert;acide
courgette;légume;420,77;26,14;5,65;vert;amer
pomme;fruit;164,25;6,7;6,43;vert;acide
kiwi;fruit;81,55;5,74;5,31;vert;acide
kiwi;fruit;76,49;6,06;;vert;acide
kiwi;fruit;91,64;6,32;4,96;jaune;acide
kiwi;fruit;86,09;6,4;4,75;jaune;acide
concombre;légume;275,87;18,83;4,93;vert;neutre
pomme;fruit;176,3;7,13;6,68;vert;sucré
banane;fruit;139,09;20,69;4,09;jaune;sucré
tomate;légume;102,63;5,74;6,11;rouge;acide
pomme;fruit;160,63;7,31;7,09;rouge;acide
concombre;légume;260,47;18,43;5,29;vert;neutre
carotte;légume;90,89;20,25;2,82;orange;neutre
pomme;fruit;181,57;7,16;6,93;vert;sucré
orange;fruit;160,45;8,35;8,0;orange;acide
kiwi;fruit;81,18;5,79;6,23;vert;acide
carotte;légume;99,92;15,47;;orange;neutre
carotte;légume;68,35;17,03;2,97;orange;neutre
tomate;légume;95,06;5,64;5,7;rouge;acide
carotte;légume;87,49;15,12;2,25;orange;neutre
pomme;fruit;174,38;6,91;7,25;vert;acide
banane;fruit;139,7;21,64;3,94;jaune;sucré
carotte;légume;95,56;18,78;3,24;orange;neutre
kiwi;fruit;71,56;5,71;4,37;vert;acide
banane;fruit;;17,83;3,85;jaune;sucré
courgette;légume;356,83;26,46;5,99;;amer
carotte;légume;96,81;16,93;2,72;orange;neutre
kiwi;fruit;81,16;6,01;;jaune;acide
pomme;fruit;175,09;7,06;6,68;vert;acide
carotte;légume;81,19;16,44;2,87;;neutre
banane;fruit;120,34;20,39;4,41;jaune;sucré
concombre;légume;367,78;18,52;5,35;vert;neutre
carotte;légume;73,9;17,27;2,93;orange;neutre
concombre;légume;312,77;23,55;5,56;vert;neutre
concombre;légume;265,67;19,12;5,43;vert;neutre
banane;fruit;;20,12;3,96;jaune;sucré
tomate;légume;110,17;5,99;;rouge;acide
courgette;légume;306,6;26,89;6,08;vert;amer
courgette;légume;334,37;25,72;6,33;;amer
carotte;légume;76,52;18,1;3,07;orange;neutre
pomme;fruit;176,66;6,86;6,47;jaune;acide
banane;fruit;132,66;19,45;4,19;jaune;sucré
orange;fruit;170,37;7,66;8,12;orange;sucré
kiwi;fruit;77,4;;5,52;jaune;acide
orange;fruit;161,61;7,84;7,48;orange;acide
banane;fruit;138,9;21,07;4,02;jaune;sucré
carotte;légume;76,1;17,94;;orange;neutre
courgette;légume;357,48;24,2;;vert;amer
courgette;légume;317,22;26,74;4,94;vert;amer
kiwi;fruit;78,35;5,72;4,73;jaune;acide
carotte;légume;66,25;18,83;2,91;orange;neutre
kiwi;fruit;71,56;6,05;4,61;jaune;acide
kiwi;fruit;81,55;5,74;5,31;vert;acide
banane;fruit;135,72;18,34;4,79;jaune;sucré
pomme;fruit;151,44;7,05;7,66;jaune;sucré
concombre;légume;292,4;22,9;;vert;neutre
kiwi;fruit;;6,03;5,03;vert;acide
courgette;légume;404,0;25,89;6,29;vert;amer
kiwi;fruit;90,0;6,31;4,98;jaune;acide
carotte;légume;76,14;15,65;3,29;orange;neutre
banane;fruit;131,26;19,67;;jaune;sucré
banane;fruit;119,97;21,38;4,42;;sucré
pomme;fruit;169,3;7,24;7,04;vert;acide
pomme;fruit;164,99;7,32;6,99;;sucré
banane;fruit;117,97;;4,62;jaune;sucré
orange;fruit;140,29;7,52;8,41;orange;sucré
concombre;légume;254,59;18,79;4,51;vert;neutre
concombre;légume;292,0;19,94;5,25;vert;neutre
kiwi;fruit;81,75;6,1;5,63;jaune;acide
tomate;légume;107,78;5,69;6,08;rouge;acide
carotte;légume;99,4;14,81;2,18;orange;neutre
concombre;légume;331,03;21,41;4,83;vert;neutre
kiwi;fruit;81,59;5,91;5,48;jaune;acide
orange;fruit;158,96;9,03;8,92;orange;sucré
pomme;fruit;154,56;6,85;7,39;jaune;sucré
kiwi;fruit;81,55;5,74;5,31;vert;acide
kiwi;fruit;;5,56;4,72;;acide
orange;fruit;171,27;;7,18;orange;acide
orange;fruit;154,25;8,22;9,41;orange;sucré
tomate;légume;108,97;6,36;5,86;rouge;acide
concombre;légume;234,71;22,56;;vert;neutre
carotte;légume;111,15;17,71;2,87;orange;neutre
pomme;fruit;188,82;7,37;7,27;vert;sucré
pomme;fruit;168,1;6,59;6,62;rouge;acide
tomate;légume;96,99;5,49;5,5;rouge;acide
carotte;légume;108,22;14,98;2,89;orange;neutre
tomate;légume;117,74;6,37;5,54;rouge;acide
courgette;légume;392,83;24,65;5,95;vert;amer
carotte;légume;102,61;18,42;2,48;orange;neutre
tomate;légume;114,82;6,35;5,95;rouge;
banane;fruit;127,97;18,8;3,97;jaune;sucré
concombre;légume;282,85;24,63;4,94;vert;neutre
carotte;légume;92,23;20,36;3,94;orange;neutre
carotte;légume;99,63;20,45;2,77;orange;neutre
orange;fruit;146,13;8,19;8,22;orange;sucré
orange;fruit;172,9;7,18;8,93;orange;sucré
tomate;légume;114,68;5,39;6,47;rouge;
concombre;légume;322,22;20,75;4,75;vert;neutre
tomate;légume;125,05;5,6;;rouge;acide
pomme;fruit;167,29;6,03;7,21;rouge;acide
tomate;légume;105,4;5,8;5,75;rouge;acide
pomme;fruit;172,27;7,01;7,09;vert;sucré
pomme;fruit;164,1;6,56;6,56;rouge;acide
orange;fruit;160,33;7,97;;orange;sucré
orange;fruit;176,52;8,47;8,24;orange;sucré
orange;fruit;176,76;9,85;8,27;orange;acide
orange;fruit;169,8;7,74;8,24;orange;acide
tomate;légume;112,63;6,64;6,21;rouge;acide
banane;fruit;;20,35;;jaune;sucré
pomme;fruit;;;7,62;rouge;acide
banane;fruit;128,11;20,83;3,99;jaune;sucré
banane;fruit;127,62;16,61;3,64;jaune;sucré
pomme;fruit;195,29;6,83;7,08;rouge;acide
kiwi;fruit;72,22;;4,73;vert;acide
courgette;légume;370,61;23,79;7,07;vert;amer
carotte;légume;113,86;17,08;2,39;orange;neutre
courgette;légume;327,31;27,32;5,8;vert;amer
kiwi;fruit;82,12;5,35;5,15;jaune;acide
courgette;légume;403,2;23,89;6,44;vert;
banane;fruit;136,1;20,51;4,33;jaune;sucré
banane;fruit;136,82;18,64;3,88;jaune;sucré
kiwi;fruit;86,11;5,38;5,0;jaune;acide
courgette;légume;259,03;22,61;4,9;vert;amer
banane;fruit;115,47;22,95;4,79;jaune;sucré
tomate;légume;115,01;6,05;6,19;rouge;acide
concombre;légume;278,1;20,12;4,65;vert;neutre
kiwi;fruit;86,37;5,91;4,65;jaune;acide
pomme;fruit;161,81;7,2;6,26;rouge;acide
kiwi;fruit;90,37;5,81;5,35;jaune;acide
pomme;fruit;166,63;6,54;8,47;vert;acide
banane;fruit;145,17;21,74;4,39;jaune;sucré
carotte;légume;101,37;17,83;;orange;neutre
tomate;légume;126,92;5,92;5,7;rouge;acide
concombre;légume;255,85;22,27;5,51;vert;neutre
concombre;légume;253,79;21,53;4,8;vert;neutre
tomate;légume;120,33;7,04;6,71;rouge;acide
kiwi;fruit;76,68;6,25;5,91;vert;acide
courgette;légume;406,09;26,62;5,87;vert;amer
banane;fruit;125,76;21,55;3,89;jaune;sucré
courgette;légume;341,54;24,16;6,46;vert;amer
kiwi;fruit;78,79;6,06;5,89;vert;acide
tomate;légume;93,44;6,04;6,46;rouge;acide
carotte;légume;104,37;18,04;3,22;orange;neutre
carotte;légume;83,64;17,49;2,92;orange;neutre
courgette;légume;268,37;;5,82;vert;amer
concombre;légume;;18,39;;vert;neutre
tomate;légume;122,22;4,69;6,32;rouge;acide
tomate;légume;129,17;5,97;5,67;rouge;acide
carotte;légume;93,7;16,01;3,94;orange;neutre
orange;fruit;150,87;7,62;8,26;orange;acide
orange;fruit;149,01;8,68;7,35;orange;acide
pomme;fruit;175,22;6,7;7,81;rouge;sucré
courgette;légume;317,93;24,91;5,89;;amer
courgette;légume;316,16;23,28;6,32;vert;amer
pomme;fruit;161,73;7,01;7,12;jaune;acide
pomme;fruit;177,65;6,76;6,5;rouge;acide
tomate;légume;104,1;5,06;6,31;rouge;acide
carotte;légume;65,09;21,64;3,48;orange;neutre
courgette;légume;356,62;24,51;6,38;vert;amer
banane;fruit;128,03;19,08;4,06;jaune;sucré
courgette;légume;331,97;28,94;4,86;vert;amer
carotte;légume;99,21;16,26;2,51;orange;neutre
orange;fruit;177,43;8,92;7,95;orange;sucré
banane;fruit;137,25;18,68;;jaune;sucré
pomme;fruit;173,27;7,24;6,13;rouge;sucré
concombre;légume;317,91;21,32;5,09;vert;neutre
concombre;légume;255,79;21,63;4,58;vert;neutre
carotte;légume;67,03;17,71;;orange;neutre
tomate;légume;118,66;6,05;6,38;;acide
courgette;légume;331,67;21,44;5,93;vert;amer
carotte;légume;93,86;15,61;2,88;orange;neutre
tomate;légume;118,37;6,32;5,44;rouge;acide
orange;fruit;173,79;8,33;6,71;orange;acide
concombre;légume;327,56;20,96;4,46;vert;neutre
kiwi;fruit;78,8;;5,15;jaune;acide
banane;fruit;124,49;18,46;3,85;jaune;sucré
kiwi;fruit;74,7;5,76;5,31;jaune;acide
concombre;légume;306,88;19,88;5,36;vert;neutre
banane;fruit;122,9;20,45;4,0;jaune;sucré
pomme;fruit;148,63;7,22;7,1;jaune;acide
tomate;légume;111,62;5,86;6,16;rouge;acide
carotte;légume;108,93;18,36;2,38;orange;neutre
tomate;légume;117,66;6,55;6,03;rouge;acide
concombre;légume;375,02;25,24;4,52;vert;neutre
concombre;légume;301,55;19,32;5,12;vert;neutre
tomate;légume;143,23;5,7;6,87;rouge;acide
banane;fruit;133,48;18,9;4,31;jaune;sucré
banane;fruit;116,45;18,94;4,78;;sucré
concombre;légume;307,56;20,54;5,0;vert;neutre
pomme;fruit;171,16;6,52;7,8;vert;sucré
courgette;légume;365,13;22,93;5,03;vert;amer
courgette;légume;352,78;29,09;5,82;vert;amer
pomme;fruit;193,46;7,21;7,02;jaune;acide
carotte;légume;77,76;18,16;3,34;orange;neutre
tomate;légume;105,98;5,63;5,92;rouge;acide
carotte;légume;96,38;20,39;2,45;orange;neutre
orange;fruit;160,96;7,3;8,06;orange;acide
kiwi;fruit;80,9;;5,25;vert;acide
carotte;légume;81,36;12,2;3,28;orange;neutre
courgette;légume;341,71;21,84;6,34;vert;amer
kiwi;fruit;90,73;5,07;5,43;vert;acide
pomme;fruit;191,8;6,94;6,92;vert;sucré
carotte;légume;95,38;19,51;2,55;orange;neutre
kiwi;fruit;59,7;5,84;4,81;jaune;acide
tomate;légume;107,99;6,07;6,6;rouge;acide
tomate;légume;116,3;5,43;;rouge;acide
tomate;légume;109,68;6,14;5,6;rouge;acide
carotte;légume;89,56;22,56;;orange;neutre
banane;fruit;130,72;19,38;3,9;jaune;sucré
courgette;légume;359,23;25,78;5,5;vert;amer
pomme;fruit;189,11;8,01;6,32;rouge;acide
orange;fruit;169,97;7,36;;orange;acide
concombre;légume;254,31;21,5;5,25;vert;neutre
concombre;légume;304,58;23,9;4,9;vert;neutre
pomme;fruit;160,83;6,95;6,88;jaune;acide
orange;fruit;162,73;;8,6;orange;acide
orange;fruit;143,4;7,68;7,84;orange;acide
tomate;légume;107,3;6,1;7,23;rouge;acide
banane;fruit;121,06;19,0;3,92;jaune;sucré
pomme;fruit;161,72;8,28;6,72;vert;sucré
courgette;légume;364,66;21,63;5,69;vert;amer
orange;fruit;178,07;;8,85;orange;acide
carotte;légume;104,68;15,99;2,99;orange;neutre
banane;fruit;;20,05;4,04;jaune;sucré
pomme;fruit;178,58;6,65;6,23;vert;sucré
pomme;fruit;177,93;7,17;6,99;vert;
kiwi;fruit;80,68;6,64;5,05;jaune;acide
tomate;légume;98,65;5,43;5,92;rouge;acide
courgette;légume;377,46;29,27;5,52;vert;amer
concombre;légume;297,19;18,68;;vert;neutre
courgette;légume;333,54;23,06;5,76;vert;amer
tomate;légume;98,37;5,96;6,44;rouge;acide
tomate;légume;99,64;5,98;6,01;rouge;acide
pomme;fruit;177,47;;7,79;jaune;sucré
pomme;fruit;170,1;7,54;6,71;rouge;acide
concombre;légume;261,99;20,26;4,51;vert;neutre
banane;fruit;122,38;22,33;4,03;jaune;sucré
kiwi;fruit;74,12;6,49;5,44;jaune;acide
courgette;légume;351,55;22,65;;vert;amer
tomate;légume;120,35;;5,42;;acide
carotte;légume;79,88;17,19;3,8;orange;neutre
orange;fruit;156,74;8,02;7,23;orange;sucré
kiwi;fruit;78,58;6,12;4,64;jaune;acide
kiwi;fruit;78,63;6,25;5,28;vert;acide
banane;fruit;131,43;19,13;3,76;jaune;sucré
courgette;légume;386,6;26,07;6,94;vert;amer
orange;fruit;171,23;7,48;7,87;orange;acide
kiwi;fruit;80,9;;5,25;vert;acide
carotte;légume;65,06;19,33;2,71;orange;neutre
orange;fruit;170,96;8,18;8,16;orange;acide
carotte;légume;83,81;16,41;2,0;orange;neutre
courgette;légume;331,97;28,94;4,86;vert;amer
pomme;fruit;170,14;7,07;7,23;rouge;sucré
kiwi;fruit;79,49;6,04;5,1;vert;acide
kiwi;fruit;89,37;6,63;5,31;vert;acide
pomme;fruit;175,91;6,96;7,05;jaune;acide
banane;fruit;136,05;18,99;3,37;jaune;sucré
banane;fruit;130,37;19,87;3,42;jaune;sucré
courgette;légume;308,49;24,63;6,08;vert;amer
pomme;fruit;182,0;6,13;6,78;vert;sucré
tomate;légume;111,32;6,0;5,01;rouge;acide
banane;fruit;124,79;20,68;3,52;jaune;sucré
tomate;légume;113,69;5,45;5,56;rouge;acide
carotte;légume;118,45;19,95;3,44;orange;neutre
tomate;légume;118,66;5,44;5,74;rouge;acide
carotte;légume;87,97;18,51;2,85;orange;neutre
courgette;légume;419,62;26,35;6,14;vert;amer
carotte;légume;93,65;16,81;3,06;orange;neutre
tomate;légume;;;5,9;rouge;
pomme;fruit;186,08;6,56;7,17;jaune;acide
banane;fruit;140,43;22,04;4,12;jaune;sucré
kiwi;fruit;69,94;6,35;4,62;jaune;acide
tomate;légume;133,89;6,7;6,8;rouge;
kiwi;fruit;83,99;6,06;;vert;acide
kiwi;fruit;69,23;6,15;4,68;vert;
banane;fruit;126,08;19,02;3,91;jaune;sucré
pomme;fruit;127,35;7,01;7,15;rouge;sucré
concombre;légume;300,12;22,87;5,6;vert;neutre
orange;fruit;175,62;8,96;;orange;sucré
courgette;légume;349,77;21,78;6,34;vert;amer
carotte;légume;94,62;13,69;3,11;orange;neutre
concombre;légume;341,17;;;vert;neutre
pomme;fruit;160,09;7,22;7,06;vert;sucré
courgette;légume;390,26;21,56;5,97;vert;amer
concombre;légume;254,71;21,88;4,97;vert;neutre
tomate;légume;104,68;6,04;5,9;;acide
carotte;légume;103,47;15,43;;orange;neutre
courgette;légume;311,05;24,41;5,73;vert;amer
carotte;légume;92,16;17,55;3,22;orange;neutre
kiwi;fruit;55,95;6,07;5,23;vert;acide
concombre;légume;298,91;21,47;5,19;vert;neutre
kiwi;fruit;90,0;6,31;4,98;jaune;acide
tomate;légume;117,14;5,72;5,79;rouge;acide
pomme;fruit;167,75;6,97;6,98;jaune;sucré
tomate;légume;114,76;6,76;6,39;rouge;acide
banane;fruit;125,32;19,66;4,25;jaune;sucré
orange;fruit;172,65;7,68;6,82;orange;acide
concombre;légume;301,67;19,11;5,68;vert;neutre
pomme;fruit;;6,9;7,31;vert;acide
carotte;légume;85,89;17,82;3,31;;neutre
orange;fruit;153,47;7,9;8,02;orange;sucré
orange;fruit;180,73;8,13;7,69;orange;sucré
concombre;légume;320,25;20,54;4,88;vert;neutre
kiwi;fruit;79,29;6,37;5,56;vert;acide
carotte;légume;94,69;15,61;3,11;orange;neutre
tomate;légume;158,63;6,29;6,31;rouge;acide
orange;fruit;154,14;8,52;8,09;orange;acide
courgette;légume;488,31;24,54;5,86;vert;amer
pomme;fruit;;7,12;7,5;rouge;sucré
orange;fruit;151,34;8,14;;orange;acide
pomme;fruit;180,13;7,24;;jaune;sucré
courgette;légume;293,82;25,16;6,21;vert;amer
kiwi;fruit;77,4;5,87;5,24;vert;acide
carotte;légume;76,87;19,26;2,86;;neutre
kiwi;fruit;87,69;6,23;5,12;jaune;acide
banane;fruit;127,33;19,21;3,5;jaune;sucré
pomme;fruit;173,07;7,23;6,12;vert;acide
concombre;légume;272,52;19,3;4,96;vert;neutre
kiwi;fruit;87,35;6,22;5,04;jaune;acide
courgette;légume;356,95;20,85;5,52;vert;amer
concombre;légume;271,36;18,39;4,82;vert;neutre
orange;fruit;180,78;6,73;8,23;orange;sucré
pomme;fruit;184,18;7,69;7,34;rouge;sucré
tomate;légume;126,8;6,18;6,02;rouge;acide
pomme;fruit;158,58;6,24;6,74;jaune;sucré
pomme;fruit;181,88;6,71;7,43;rouge;acide
courgette;légume;346,35;26,22;6,17;vert;amer
carotte;légume;83,03;15,35;3,46;orange;neutre
tomate;légume;;6,33;5,07;;acide
banane;fruit;135,64;21,0;4,08;jaune;sucré
banane;fruit;;20,22;3,92;;sucré
kiwi;fruit;85,01;6,16;;jaune;acide
kiwi;fruit;65,38;6,38;4,94;vert;acide
orange;fruit;170,05;7,94;7,49;orange;sucré
kiwi;fruit;80,5;6,04;5,27;jaune;
